{"cameraMode":{"drawMode":0,"name":"Shaded","section":"Shading Mode"},"sceneLighting":true,"audioPlay":false,"sceneViewState":{"showFog":true,"showMaterialUpdate":false,"showSkybox":true,"showFlares":true,"showImageEffects":true,"showParticleSystems":true},"in2DMode":false,"pivot":{"x":422.30029296875,"y":464.70843505859377,"z":-460.64971923828127},"rotation":{"x":0.01830887235701084,"y":-0.004189575556665659,"z":0.00007403687050100416,"w":0.9998284578323364},"size":81.39410400390625,"orthographic":false}